{
  "R3E_GATE": "PENDING_FUTURE_UNSEEN_DATA",
  "R4_STATUS": "BLOCKED",
  "R5_STATUS": "NOT_STARTED",
  "classification": "CANDLE_ADDS_NO_VALUE",
  "R3E_REAL_DATA_RUN": "COMPLETE",
  "R3E_REAL_DATA_AUDIT": "COMPLETE",
  "experiment_id": "r3e-contextual-edge-v1",
  "parent_experiment_id": "r3d-real-validation-v1",
  "data_snapshot_hash": "9b99d4f723712d02",
  "DATA_ORIGIN": "REAL_OHLCV_HISTORICAL",
  "ECONOMIC_INTERPRETATION_ALLOWED": true,
  "n_series": 20,
  "n_result_rows": 200,
  "classification_counts": {
    "CONTEXT_HAS_NO_EDGE": 115,
    "INCONCLUSIVE": 69,
    "CANDLE_ADDS_NO_VALUE": 16
  },
  "delta_candle_base_h5_nonoverlap": [
    {
      "left": "M5",
      "right": "M4",
      "n": 224,
      "mean_left": -0.0025846542420443273,
      "mean_right": -0.001552005385739037,
      "delta": -0.00103264885630529,
      "ci_low": -0.0029521192263064606,
      "ci_high": 0.0010226193732480616,
      "p_raw": 0.855,
      "p_adj": 0.8550000000000001,
      "effect_size": -0.06083126356501981,
      "hit_rate_left": 0.38839285714285715,
      "hit_rate_right": 0.4107142857142857,
      "delta_hit_rate": -0.022321428571428548
    },
    {
      "left": "M5",
      "right": "M4",
      "n": 81,
      "mean_left": -0.0007205322410586332,
      "mean_right": 0.012349497411993666,
      "delta": -0.013070029653052297,
      "ci_low": -0.04658864174020255,
      "ci_high": 0.01938634278936174,
      "p_raw": 0.781,
      "p_adj": 0.781,
      "effect_size": -0.10855574770528324,
      "hit_rate_left": 0.5061728395061729,
      "hit_rate_right": 0.6049382716049383,
      "delta_hit_rate": -0.09876543209876543
    },
    {
      "left": "M5",
      "right": "M4",
      "n": 575,
      "mean_left": -0.002236288718633453,
      "mean_right": -0.0024403433916686907,
      "delta": 0.00020405467303523874,
      "ci_low": -0.0017629680324725372,
      "ci_high": 0.0021525560799625686,
      "p_raw": 0.394,
      "p_adj": 0.61375,
      "effect_size": 0.007866473730489225,
      "hit_rate_left": 0.4504347826086956,
      "hit_rate_right": 0.43130434782608695,
      "delta_hit_rate": 0.019130434782608674
    },
    {
      "left": "M5",
      "right": "M4",
      "n": 96,
      "mean_left": -0.002451389183554161,
      "mean_right": 0.0043012249955827015,
      "delta": -0.006752614179136863,
      "ci_low": -0.030454725551986996,
      "ci_high": 0.01606507757049691,
      "p_raw": 0.745,
      "p_adj": 0.798,
      "effect_size": -0.047613148882324895,
      "hit_rate_left": 0.4583333333333333,
      "hit_rate_right": 0.4895833333333333,
      "delta_hit_rate": -0.03125
    },
    {
      "left": "M5",
      "right": "M4",
      "n": 174,
      "mean_left": -0.0010969165526952035,
      "mean_right": -0.0013708382691920698,
      "delta": 0.00027392171649686574,
      "ci_low": -0.0034208576212484735,
      "ci_high": 0.0045535580389762225,
      "p_raw": 0.401,
      "p_adj": 0.785,
      "effect_size": 0.007781657363061769,
      "hit_rate_left": 0.47126436781609193,
      "hit_rate_right": 0.4425287356321839,
      "delta_hit_rate": 0.02873563218390801
    },
    {
      "left": "M5",
      "right": "M4",
      "n": 85,
      "mean_left": 0.02441558663706026,
      "mean_right": 0.03241843101753344,
      "delta": -0.008002844380473183,
      "ci_low": -0.04659334806233615,
      "ci_high": 0.039995076430592795,
      "p_raw": 0.596,
      "p_adj": 0.859,
      "effect_size": -0.032297988194186084,
      "hit_rate_left": 0.5058823529411764,
      "hit_rate_right": 0.5764705882352941,
      "delta_hit_rate": -0.07058823529411762
    },
    {
      "left": "M5",
      "right": "M4",
      "n": 237,
      "mean_left": -0.0019218460913444642,
      "mean_right": -0.0009752701149100502,
      "delta": -0.0009465759764344135,
      "ci_low": -0.004158443833456429,
      "ci_high": 0.0024606920703121936,
      "p_raw": 0.7,
      "p_adj": 0.771,
      "effect_size": -0.03415743899150172,
      "hit_rate_left": 0.42616033755274263,
      "hit_rate_right": 0.4810126582278481,
      "delta_hit_rate": -0.05485232067510548
    },
    {
      "left": "M5",
      "right": "M4",
      "n": 97,
      "mean_left": 0.016511422945941833,
      "mean_right": 0.012497492477350101,
      "delta": 0.004013930468591731,
      "ci_low": -0.0184871421963634,
      "ci_high": 0.022565604409384227,
      "p_raw": 0.372,
      "p_adj": 0.62,
      "effect_size": 0.034171403161877306,
      "hit_rate_left": 0.5670103092783505,
      "hit_rate_right": 0.5773195876288659,
      "delta_hit_rate": -0.010309278350515427
    },
    {
      "left": "M5",
      "right": "M4",
      "n": 427,
      "mean_left": 0.0003835835613400885,
      "mean_right": 0.0013269859328844886,
      "delta": -0.0009434023715443997,
      "ci_low": -0.003878970352152396,
      "ci_high": 0.0021504752724429135,
      "p_raw": 0.723,
      "p_adj": 0.723,
      "effect_size": -0.02776401617314743,
      "hit_rate_left": 0.48711943793911006,
      "hit_rate_right": 0.5128805620608899,
      "delta_hit_rate": -0.025761124121779888
    },
    {
      "left": "M5",
      "right": "M4",
      "n": 79,
      "mean_left": 0.022789603396632777,
      "mean_right": 0.040466342122782224,
      "delta": -0.017676738726149444,
      "ci_low": -0.04802205375078946,
      "ci_high": 0.01581387928466799,
      "p_raw": 0.822,
      "p_adj": 0.8219999999999998,
      "effect_size": -0.08883004394515485,
      "hit_rate_left": 0.4430379746835443,
      "hit_rate_right": 0.5189873417721519,
      "delta_hit_rate": -0.07594936708860761
    },
    {
      "left": "M5",
      "right": "M4",
      "n": 49,
      "mean_left": 0.00827916301088185,
      "mean_right": 0.006700678592962195,
      "delta": 0.0015784844179196548,
      "ci_low": -0.018105594602055172,
      "ci_high": 0.016199720414496525,
      "p_raw": 0.537,
      "p_adj": 0.79375,
      "effect_size": 0.022503169489949463,
      "hit_rate_left": 0.5102040816326531,
      "hit_rate_right": 0.5510204081632653,
      "delta_hit_rate": -0.04081632653061218
    },
    {
      "left": "M5",
      "right": "M4",
      "n": 100,
      "mean_left": -0.0018354732700620912,
      "mean_right": -0.00394074445551091,
      "delta": 0.0021052711854488183,
      "ci_low": -0.0009675144134860818,
      "ci_high": 0.005155345069269664,
      "p_raw": 0.081,
      "p_adj": 0.405,
      "effect_size": 0.12351558394471365,
      "hit_rate_left": 0.43,
      "hit_rate_right": 0.36,
      "delta_hit_rate": 0.07
    },
    {
      "left": "M5",
      "right": "M4",
      "n": 47,
      "mean_left": -0.003973102562943447,
      "mean_right": -0.008250837441183392,
      "delta": 0.004277734878239945,
      "ci_low": -0.008168920148800152,
      "ci_high": 0.018018666398584588,
      "p_raw": 0.312,
      "p_adj": 0.758,
      "effect_size": 0.07600381365652138,
      "hit_rate_left": 0.44680851063829785,
      "hit_rate_right": 0.44680851063829785,
      "delta_hit_rate": 0.0
    },
    {
      "left": "M5",
      "right": "M4",
      "n": 151,
      "mean_left": -0.0012963940130799505,
      "mean_right": -0.0008767563532092843,
      "delta": -0.0004196376598706669,
      "ci_low": -0.002768416428078214,
      "ci_high": 0.002245434533418567,
      "p_raw": 0.585,
      "p_adj": 0.679,
      "effect_size": -0.02166116097451093,
      "hit_rate_left": 0.423841059602649,
      "hit_rate_right": 0.423841059602649,
      "delta_hit_rate": 0.0
    },
    {
      "left": "M5",
      "right": "M4",
      "n": 34,
      "mean_left": 0.00024975218095644525,
      "mean_right": 0.0043935325308182656,
      "delta": -0.0041437803498618215,
      "ci_low": -0.01696022919786207,
      "ci_high": 0.013130007606463224,
      "p_raw": 0.617,
      "p_adj": 0.77125,
      "effect_size": -0.07392644880225414,
      "hit_rate_left": 0.5588235294117647,
      "hit_rate_right": 0.5,
      "delta_hit_rate": 0.05882352941176472
    },
    {
      "left": "M5",
      "right": "M4",
      "n": 105,